kdavis0,rgraham0@fastcompany.com,1gJQwd,FALSE,3
lwatkins1,sperkins1@homestead.com,si2OHS4NBpe,FALSE,2
wperez2,jruiz2@ning.com,5Hd3Xvni,FALSE,2
jmeyer3,rcarr3@usa.gov,Y1rWLUwODhA,FALSE,3
wgomez4,fpeterson4@aboutads.info,zsIqB93KRHMc,FALSE,3
amitchell5,wlittle5@apple.com,doHVbdNX,FALSE,1
jwells6,kcox6@sina.com.cn,6bh48m9i4,FALSE,1
mhawkins7,rjackson7@cafepress.com,533qHoAb,FALSE,3
pward8,melliott8@sitemeter.com,SZGuoLzjA,FALSE,2
pparker9,eday9@edublogs.org,PSgcdDyisD,FALSE,2
ageorgea,rholmesa@si.edu,4w7JGt,FALSE,3
jhansonb,khudsonb@washington.edu,fmTr4T8mWMoR,FALSE,3
jchapmanc,swarrenc@dion.ne.jp,rH9k6cJdjs,FALSE,3
jmedinad,jmurphyd@alibaba.com,3WEdTan1T4vU,FALSE,2
ppricee,nmooree@digg.com,yMWRQdzUIZ,FALSE,2
jwarrenf,slawsonf@webeden.co.uk,SQqFbfc,FALSE,1
sleeg,khuntg@salon.com,tYUQaexx5Pz,FALSE,3
pbellh,kmorenoh@sciencedaily.com,rbCRzOBrzjF,FALSE,1
nmoorei,storresi@uiuc.edu,fLUZsb,FALSE,2
candrewsj,awrightj@pcworld.com,bm52qaFrg6g,FALSE,3
rmontgomeryk,agriffink@ucla.edu,gXeFqYWczG1,FALSE,2
mcolel,amoralesl@va.gov,DPp3JKC05,FALSE,3
esmithm,fgomezm@senate.gov,6L6trma,FALSE,1
aboydn,wedwardsn@istockphoto.com,mDfmuFTwFF,FALSE,2
lsimmonso,cburkeo@npr.org,F4r9bGqsa6,FALSE,2
hsmithp,rgutierrezp@pen.io,CsAWbJQp,FALSE,3
aalvarezq,pblackq@amazonaws.com,aAWHXVrI4LRd,FALSE,1
gandrewsr,msnyderr@marriott.com,QQoNhqAy1Fr,FALSE,1
achapmans,kwallaces@unc.edu,tEfvOa3V72S,FALSE,2
sandersont,dmorrisont@bbb.org,FhGMbw,FALSE,2
agrayu,cjenkinsu@boston.com,tFGk6bYruD,FALSE,1
rcarrollv,jdixonv@theguardian.com,7hixkJO,FALSE,3
sharrisw,jrobinsonw@google.co.jp,NOERFmbQXz89,FALSE,2
sreynoldsx,tlittlex@gov.uk,foDZrYDTRW,FALSE,2
cwesty,jwhitey@photobucket.com,TGwWK2FaMtVS,FALSE,3
mtorresz,rsimpsonz@weather.com,1SNV4Kw,FALSE,2
ehill10,pwells10@netlog.com,3MD3yyu,FALSE,3
dreid11,creyes11@yandex.ru,4x0ZKD3m,FALSE,2
ncarr12,ecox12@vkontakte.ru,qk49i0,FALSE,3
jrivera13,jjames13@usatoday.com,cZKIqLCorKKq,FALSE,1
jmorales14,nprice14@jalbum.net,Cj7is2EsbZ,FALSE,3
kclark15,rcarpenter15@cbslocal.com,RtjqRKWSyVRh,FALSE,1
ejohnston16,aandrews16@tamu.edu,Gz2eUTiyryrv,FALSE,3
jvasquez17,lkennedy17@umn.edu,OeEPyx2lYFpI,FALSE,3
tlittle18,eblack18@netscape.com,DcYZC0khCn,FALSE,2
rwallace19,ktaylor19@businesswire.com,waqkPlKlxG,FALSE,3
vpowell1a,swelch1a@yale.edu,8qTsFqcv0,FALSE,3
rpeters1b,pbowman1b@washingtonpost.com,hr3972,FALSE,1
jsimmons1c,lschmidt1c@nyu.edu,fN2nUs4dut,FALSE,2
rmccoy1d,kmartin1d@ucoz.com,OX7h7BDM,FALSE,2
bbailey1e,jgriffin1e@mediafire.com,IIur84xyEe,FALSE,3
bhawkins1f,rpatterson1f@phoca.cz,5m5tBqQS,FALSE,3
twallace1g,bberry1g@uol.com.br,SKJnECo,FALSE,3
scooper1h,bweaver1h@shop-pro.jp,Rbz3zU,FALSE,2
fperry1i,dramirez1i@telegraph.co.uk,wBn2Jy3fTWH7,FALSE,3
kperry1j,wharrison1j@flickr.com,50YG2lRzPv2I,FALSE,1
cfisher1k,pharvey1k@wikispaces.com,8h0zN9W8ih5,FALSE,3
dgutierrez1l,mrice1l@ucla.edu,VTtlQZW,FALSE,2
sburton1m,mfrazier1m@live.com,emfkJEIz,FALSE,1
pthompson1n,tgomez1n@cloudflare.com,zhxewGlsi,FALSE,2
jturner1o,wscott1o@wikipedia.org,omglhxIcOet,FALSE,2
lsimmons1p,twagner1p@booking.com,PNQSNgmi,FALSE,1
sjenkins1q,rstanley1q@freewebs.com,2Gi2ytVyi5f,FALSE,2
rbryant1r,jduncan1r@umich.edu,31RftEoG6Bt,FALSE,2
eknight1s,jfrazier1s@europa.eu,PcnYVNMIAWi,FALSE,3
jnichols1t,dgreene1t@creativecommons.org,DOkoJH,FALSE,2
pmills1u,sbrooks1u@hibu.com,aiStXr9xYOav,FALSE,2
abennett1v,jriley1v@discovery.com,idyfCq0P,FALSE,2
bparker1w,kwagner1w@list-manage.com,z9BanVy,FALSE,2
jbryant1x,dkelley1x@joomla.org,IfNOQFOG,FALSE,2
dflores1y,swilson1y@163.com,Lqimtj,FALSE,2
cmedina1z,whart1z@cbslocal.com,cDynqAuoHeF,FALSE,3
cferguson20,wscott20@gmpg.org,rybCTGec1bg,FALSE,1
ccarpenter21,sspencer21@lycos.com,EWu6rT9,FALSE,1
mshaw22,gwheeler22@ustream.tv,hg4Lapq,FALSE,3
fsmith23,rspencer23@booking.com,SOQIKw1wXg,FALSE,3
sgarcia24,emoore24@about.com,cFvGPUU99FM,FALSE,3
ehudson25,bmorris25@mapquest.com,Qp0aLv7,FALSE,2
swashington26,wramirez26@buzzfeed.com,AJedZzpf,FALSE,2
jphillips27,wburns27@nydailynews.com,MGulsrZ,FALSE,1
tlopez28,rmason28@meetup.com,Zat1Gd2xE,FALSE,2
tpierce29,mnichols29@xing.com,JsF7kF2,FALSE,3
bknight2a,jgomez2a@blogtalkradio.com,Vvp2wTe7FTrd,FALSE,2
jfreeman2b,lalvarez2b@liveinternet.ru,SWiH3XGR,FALSE,2
bmorgan2c,trodriguez2c@oakley.com,BdzV58H,FALSE,2
dpalmer2d,lgomez2d@wordpress.com,N2YXLGtczM,FALSE,1
gpeterson2e,rpeterson2e@ask.com,53wPFpy2,FALSE,3
pfrazier2f,aclark2f@vimeo.com,C57HjQmSI,FALSE,1
bking2g,lnichols2g@theguardian.com,H64aE7rmJ8,FALSE,3
sparker2h,arobinson2h@ftc.gov,Ae7gCR9YMa,FALSE,1
ewashington2i,jhanson2i@usnews.com,sEDwS8vOTLZ,FALSE,3
sharper2j,thawkins2j@webs.com,SoMTm4P,FALSE,1
dbishop2k,apeterson2k@dedecms.com,gkqBtlm,FALSE,2
lwatson2l,landrews2l@marketwatch.com,Lpgw1J6,FALSE,2
lcollins2m,cwagner2m@nsw.gov.au,745whXocVM,FALSE,2
jmccoy2n,hhudson2n@about.me,1gB41u,FALSE,1
rkelley2o,bhart2o@go.com,kYCHC8nUzKHb,FALSE,3
mkennedy2p,nfranklin2p@webeden.co.uk,dNMGDs9Bl,FALSE,2
darnold2q,dspencer2q@reddit.com,ri9fwVrE3765,FALSE,3
djames2r,bcruz2r@aboutads.info,XDPMig5LzfAe,FALSE,2
